label_name,bbox_x,bbox_y,bbox_width,bbox_height,image_name,image_width,image_height
L,2029,771,295,233,27715.png,2945,1435
R,699,750,274,229,27715.png,2945,1435
L,2013,862,282,195,27721.png,2952,1435
R,746,869,230,233,27721.png,2952,1435
L,1988,862,334,198,27726.png,2946,1435
R,706,806,236,243,27726.png,2946,1435
L,1957,767,281,257,27730.png,2901,1435
R,671,788,281,212,27730.png,2901,1435
L,2055,827,310,275,27732.png,2952,1435
L,2002,761,271,271,27737.png,2951,1435
R,704,782,285,233,27737.png,2951,1435
L,1972,886,254,289,27738.png,2949,1435
R,783,865,223,257,27738.png,2949,1435
L,2019,823,249,242,51450.png,2935,1435
R,710,823,235,215,51450.png,2935,1435
L,1958,831,240,261,51452.png,2954,1435
R,697,827,268,230,51452.png,2954,1435
R,741,637,224,310,51455.png,2920,1435
L,2012,771,231,252,51456.png,2930,1435
R,692,806,263,266,51456.png,2930,1435
L,1959,853,248,234,51457.png,2918,1435
R,661,884,272,213,51457.png,2918,1435
R,656,810,265,233,51461.png,2954,1435
L,1998,768,247,233,51464.png,2951,1435
R,690,712,258,240,51464.png,2951,1435
R,635,767,269,203,51474.png,2923,1435
R,557,744,348,243,51478.png,2948,1435
L,2055,730,351,222,51478.png,2948,1435
L,1986,726,264,246,51479.png,2943,1435
R,598,688,285,239,51479.png,2943,1435
L,2058,765,220,227,51480.png,2957,1435
R,688,772,234,216,51480.png,2957,1435
R,667,799,317,217,51481.png,2926,1435
L,2011,744,237,226,51491.png,2950,1435
R,693,761,254,223,51491.png,2950,1435
R,716,723,270,176,51500.png,2931,1435
L,1991,779,251,289,51504.png,2956,1435
R,687,796,342,199,51504.png,2956,1435
L,2012,837,337,195,51507.png,2946,1435
R,633,817,292,163,51507.png,2946,1435
L,1996,719,305,201,51519.png,2943,1435
L,1983,750,279,248,51523.png,2923,1435
R,690,712,248,255,51523.png,2923,1435
R,666,716,232,246,51528.png,2939,1435
R,679,784,258,238,51550.png,2878,1435
L,2023,790,244,234,51550.png,2878,1435
L,2007,806,268,244,51553.png,2953,1435
R,669,810,282,188,51553.png,2953,1435
R,652,716,253,246,51556.png,2939,1435
L,1975,660,275,295,51562.png,2947,1435
L,1898,764,270,198,51570.png,2899,1435
L,2020,817,278,299,51595.png,2948,1435
R,689,810,268,236,51595.png,2948,1435
L,2079,698,263,235,51596.png,2933,1435
R,589,678,270,239,51596.png,2933,1435
R,627,799,310,226,51599.png,2952,1435
L,1943,874,311,245,51602.png,2926,1435
R,760,833,266,255,51602.png,2926,1435
L,2050,862,265,213,51607.png,2956,1435
R,673,813,300,199,51607.png,2956,1435
R,717,903,277,225,51611.png,2933,1435
L,1983,864,318,228,51611.png,2933,1435
L,2010,712,303,202,51613.png,2958,1435
R,705,737,265,160,51613.png,2958,1435
L,1940,792,256,286,51637.png,2816,1435
R,615,779,249,292,51637.png,2816,1435
L,2012,851,316,215,51641.png,2941,1435
L,2023,789,247,271,51642.png,2951,1435
R,578,813,296,219,51642.png,2951,1435
L,1947,754,261,223,51643.png,2952,1435
R,683,789,278,160,51643.png,2952,1435
L,2029,716,254,330,51644.png,2950,1435
R,655,733,278,282,51644.png,2950,1435
L,2006,740,308,222,51646.png,2937,1435
R,655,757,287,173,51646.png,2937,1435
L,1989,695,253,274,51647.png,2937,1435
R,711,671,256,246,51647.png,2937,1435
R,724,824,243,275,51655.png,2949,1435
L,2014,834,226,261,51655.png,2949,1435
L,1943,827,302,191,51656.png,2946,1435
L,2040,702,289,216,51666.png,2951,1435
R,651,646,268,230,51666.png,2951,1435
L,2002,684,306,240,51683.png,2946,1435
L,1963,709,316,227,51686.png,2914,1435
R,712,754,265,268,51686.png,2914,1435
R,638,740,303,259,51695.png,2923,1435
L,2007,795,259,276,51695.png,2923,1435
L,1930,854,214,248,51697.png,2922,1435
L,2065,830,259,259,51699.png,2923,1435
R,594,809,300,245,51699.png,2923,1435
R,649,785,257,284,51706.png,2941,1435
L,2071,782,336,250,51706.png,2941,1435
R,625,750,278,260,51712.png,2943,1435
L,2034,744,274,281,51712.png,2943,1435
R,661,750,270,263,51722.png,2900,1435
L,1981,709,284,270,51722.png,2900,1435
L,1999,789,254,254,51731.png,2947,1435
R,689,771,233,247,51731.png,2947,1435
L,1993,775,340,271,51746.png,2943,1435
R,698,754,229,278,51746.png,2943,1435
R,657,908,265,192,51779.png,2959,1435
L,2011,667,285,288,51789.png,2945,1435
R,692,691,281,264,51789.png,2945,1435
L,2028,723,306,209,51797.png,2949,1435
R,623,705,296,223,51797.png,2949,1435
L,2114,712,342,265,51802.png,2957,1435
R,569,670,310,251,51802.png,2957,1435
R,525,719,341,238,51808.png,2923,1435
L,2034,681,269,314,51808.png,2923,1435
R,662,824,285,191,51812.png,2950,1435
L,2004,824,278,202,51812.png,2950,1435
L,2048,705,268,261,51817.png,2953,1435
R,607,695,268,254,51817.png,2953,1435
L,2025,834,233,282,51818.png,2950,1435
R,669,806,275,282,51818.png,2950,1435
R,688,929,275,213,51838.png,2914,1435
L,2077,743,277,211,51847.png,2939,1435
R,638,723,284,184,51847.png,2939,1435
L,2003,845,310,209,51853.png,2953,1435
R,701,848,313,240,51853.png,2953,1435
L,2007,764,310,282,51907.png,2949,1435
R,583,866,286,249,51938.png,2890,1435
L,2048,726,310,269,51965.png,2923,1435
L,2032,771,310,261,51975.png,2949,1435
R,661,754,243,257,51975.png,2949,1435
L,2046,688,233,244,51986.png,2950,1435
R,599,611,303,268,51986.png,2950,1435
R,696,851,240,226,52000.png,2950,1435
L,2001,855,275,247,52000.png,2950,1435
R,692,795,265,248,52006.png,2915,1435
L,1991,864,285,258,52006.png,2915,1435
R,596,743,330,286,52009.png,2918,1435
L,2043,657,310,303,52019.png,2920,1435
R,617,657,262,289,52019.png,2920,1435
L,2051,883,275,233,52039.png,2952,1435
R,718,883,251,265,52039.png,2952,1435
R,590,824,290,212,52071.png,2855,1435
L,1998,740,382,262,52076.png,2920,1435
L,2030,698,248,275,52093.png,2957,1435
R,684,730,248,262,52093.png,2957,1435
L,2057,799,422,253,52163.png,2935,1435
L,2002,775,262,202,52177.png,2957,1435
R,716,806,251,209,52177.png,2957,1435
L,2011,702,294,311,52188.png,2929,1435
R,553,692,311,307,52188.png,2929,1435
L,2052,806,285,243,52202.png,2949,1435
R,585,754,296,243,52202.png,2949,1435
L,1929,781,284,274,52215.png,2904,1435
R,566,808,329,229,52215.png,2904,1435
L,2009,855,268,316,52255.png,2946,1435
L,2023,785,303,310,52262.png,2952,1435
R,638,768,299,254,52262.png,2952,1435
L,2047,751,254,341,52264.png,2951,1435
R,669,792,292,341,52264.png,2951,1435
L,1977,806,282,241,52274.png,2956,1435
R,680,824,296,251,52274.png,2956,1435
L,2034,786,241,283,52277.png,2958,1435
L,2001,767,330,238,52278.png,2919,1435
R,665,781,286,220,52278.png,2919,1435
L,2055,685,311,207,52282.png,2928,1435
R,601,712,304,221,52282.png,2928,1435
L,1981,740,271,233,52292.png,2946,1435
R,727,740,257,250,52292.png,2946,1435
L,2023,761,251,286,52311.png,2957,1435
R,702,796,279,241,52311.png,2957,1435
R,653,799,273,228,52326.png,2927,1435
L,1892,799,369,262,52326.png,2927,1435
L,1982,730,273,273,52433.png,2932,1435
R,616,747,339,235,52433.png,2932,1435
L,2033,796,229,264,52439.png,2946,1435
R,661,796,281,257,52439.png,2946,1435
R,659,817,251,258,52444.png,2953,1435
L,2041,781,305,219,52453.png,2908,1435
R,652,784,288,206,52453.png,2908,1435
L,1991,733,261,261,52462.png,2950,1435
R,770,726,216,268,52462.png,2950,1435
L,2024,843,310,231,52477.png,2923,1435
R,659,871,252,265,52477.png,2923,1435
L,1987,757,314,252,52485.png,2929,1435
L,2044,837,308,211,52486.png,2932,1435
L,2029,726,274,222,52491.png,2945,1435
R,622,716,302,201,52491.png,2945,1435
L,1981,827,234,237,52523.png,2956,1435
R,687,796,247,230,52523.png,2956,1435
L,1886,824,272,316,52531.png,2880,1435
R,632,824,275,217,52531.png,2880,1435
R,671,794,229,267,52543.png,2898,1435
R,718,723,231,286,52546.png,2924,1435
L,1983,767,245,259,52546.png,2924,1435
L,2027,744,260,257,52549.png,2943,1435
R,591,740,333,239,52549.png,2943,1435
L,2022,754,244,250,52552.png,2950,1435
R,665,764,271,223,52552.png,2950,1435
L,1989,810,233,250,52556.png,2947,1435
L,2014,740,236,268,52576.png,2949,1435
R,710,695,236,271,52576.png,2949,1435
L,2027,809,239,343,52577.png,2942,1435
R,611,855,319,257,52577.png,2942,1435
L,2064,796,278,306,52578.png,2950,1435
R,627,796,264,282,52578.png,2950,1435
R,651,796,282,205,52581.png,2949,1435
L,1991,712,223,265,52589.png,2956,1435
L,2012,737,309,239,52605.png,2941,1435
R,590,768,333,222,52605.png,2941,1435
R,611,868,336,239,52612.png,2939,1435
L,2039,848,337,226,52635.png,2944,1435
R,664,851,278,236,52635.png,2944,1435
L,2022,785,290,290,52650.png,2930,1435
R,571,788,308,214,52650.png,2930,1435
L,1952,782,306,250,52673.png,2945,1435
R,681,733,240,271,52673.png,2945,1435
L,2018,849,284,260,52685.png,2904,1435
L,2087,733,306,240,52702.png,2948,1435
R,609,737,268,295,52702.png,2948,1435
L,2069,726,275,258,52769.png,2957,1435
R,600,740,303,269,52769.png,2957,1435
L,2014,781,272,262,52853.png,2918,1435
R,716,798,244,231,52853.png,2918,1435
L,2085,733,317,259,54341.png,2926,1435
R,539,726,345,235,54341.png,2926,1435
L,1977,788,325,298,54354.jpg,2905,1435
L,771,629,105,106,60105.jpg,1198,959
R,327,620,91,105,60105.jpg,1198,959
L,1979,765,306,233,48968.png,2953,1435
R,722,712,286,265,48968.png,2953,1435
L,1997,709,240,297,51635.png,2831,1435
L,1939,778,236,254,52722.png,2945,1435
R,727,754,201,250,52723.png,2945,1435
L,2027,740,257,305,52756.png,2943,1435
R,639,726,257,257,52756.png,2943,1435
L,2043,858,281,240,52771.png,2946,1435
R,786,830,229,257,52771.png,2946,1435
L,1980,795,270,273,52777.png,2934,1435
R,717,778,211,249,52777.png,2934,1435
R,621,740,336,236,52794.png,2937,1435
R,634,792,272,258,52819.png,2919,1435
L,1929,764,302,261,52831.png,2946,1435
R,598,768,340,233,52831.png,2946,1435
L,2013,702,352,247,52839.png,2952,1435
L,1952,816,280,218,52842.png,2934,1435
R,738,823,259,201,52842.png,2934,1435
L,2047,834,292,236,52858.png,2946,1435
L,1934,788,314,269,52866.png,2928,1435
R,722,816,269,314,52866.png,2928,1435
L,1940,778,329,237,52881.png,2910,1435
R,603,709,269,258,52893.png,2920,1435
L,1960,672,266,296,52911.png,2889,1435
R,713,658,249,273,52911.png,2889,1435
L,1963,737,300,282,52915.png,2955,1435
L,2023,744,303,247,52925.png,2951,1435
R,658,744,268,258,52925.png,2951,1435
L,1957,764,251,244,52926.png,2920,1435
R,765,781,213,238,52926.png,2920,1435
L,2085,660,243,268,52948.png,2946,1435
R,605,695,261,281,52948.png,2946,1435
L,2072,747,306,264,52949.png,2947,1435
R,623,778,281,247,52949.png,2947,1435
R,681,744,260,299,52956.png,2945,1435
R,778,768,305,232,52961.png,2942,1435
L,1963,809,260,281,52983.png,2940,1435
R,630,796,320,233,53007.png,2948,1435
L,2029,882,305,257,53011.png,2940,1435
L,1989,754,366,324,53019.png,2953,1435
R,669,716,293,303,53019.png,2953,1435
L,2033,733,279,282,53099.png,2956,1435
R,656,754,237,296,53099.png,2956,1435
L,2059,754,352,304,53103.png,2928,1435
R,539,733,314,304,53103.png,2928,1435
L,2025,819,327,279,53107.png,2920,1435
R,593,857,282,241,53107.png,2920,1435
L,1989,726,267,246,53126.png,2938,1435
R,707,754,263,253,53126.png,2938,1435
L,1945,792,303,196,53139.png,2923,1435
R,666,809,331,190,53139.png,2923,1435
R,656,737,314,230,53143.png,2954,1435
L,2007,799,310,252,53144.png,2923,1435
L,1986,795,240,288,53147.png,2907,1435
L,2072,768,323,275,53208.png,2947,1435
R,619,785,285,243,53208.png,2947,1435
L,1954,764,260,339,53214.png,2937,1435
R,680,743,312,274,53214.png,2937,1435
L,2014,806,342,221,53221.png,2928,1435
L,2023,726,271,306,53222.png,2947,1435
R,651,764,257,295,53222.png,2947,1435
L,2023,843,324,255,53229.png,2926,1435
R,608,885,293,221,53229.png,2926,1435
L,2009,775,288,254,53241.png,2946,1435
L,2017,778,302,274,53273.png,2908,1435
R,577,798,274,298,53273.png,2908,1435
R,648,820,299,271,53279.png,2951,1435
L,1975,778,381,232,53306.png,2937,1435
R,631,782,315,225,53306.png,2937,1435
R,644,796,285,236,53315.png,2947,1435
L,2007,895,328,207,53338.png,2929,1435
R,616,871,283,256,53338.png,2929,1435
L,1969,761,217,303,53369.png,2918,1435
R,706,767,244,275,53369.png,2918,1435
L,1992,726,290,242,53376.png,2927,1435
R,663,695,273,259,53376.png,2927,1435
R,686,771,289,244,53380.png,2920,1435
R,636,796,295,295,56024.png,2945,1435
L,2032,768,316,222,56056.png,2945,1435
R,560,761,309,212,56056.png,2945,1435
L,2032,833,244,278,56062.png,2915,1435
R,671,833,237,248,56062.png,2915,1435
L,2016,820,278,215,56105.png,2947,1435
R,654,865,268,219,56105.png,2947,1435
R,646,743,316,258,56115.png,2912,1435
L,2019,813,287,305,56123.png,2935,1435
R,603,823,308,232,56123.png,2935,1435
L,2043,761,296,261,56144.png,2955,1435
R,712,775,251,268,56144.png,2955,1435
L,2040,817,327,202,56161.png,2951,1435
L,2054,784,290,239,56235.png,2893,1435
R,601,712,259,283,56235.png,2893,1435
L,1983,740,296,259,56238.png,2888,1435
R,631,712,269,259,56238.png,2888,1435
R,660,826,254,302,56262.png,2910,1435
L,2036,831,275,188,56303.png,2951,1435
R,735,824,226,237,56303.png,2951,1435
R,636,896,309,246,56307.png,2943,1435
L,2014,862,271,253,56307.png,2943,1435
L,1969,795,277,215,56342.png,2939,1435
R,642,795,256,208,56342.png,2939,1435
L,2014,824,264,236,56357.png,2948,1435
R,724,810,240,261,56357.png,2948,1435
R,588,852,297,222,56358.png,2897,1435
R,693,840,235,273,56366.png,2934,1435
L,2014,851,204,284,56366.png,2934,1435
L,2014,767,324,276,56437.png,2923,1435
R,718,771,221,300,56437.png,2923,1435
L,2020,788,251,330,56438.png,2912,1435
R,667,781,227,312,56438.png,2912,1435
L,2022,768,268,289,56490.png,2956,1435
R,687,796,237,289,56490.png,2956,1435
L,2064,796,265,254,56496.png,2956,1435
R,587,719,275,305,56527.png,2910,1435
L,1988,778,334,264,56559.png,2946,1435
R,682,785,278,226,56559.png,2946,1435
L,2074,799,209,292,56561.png,2950,1435
R,564,740,275,268,56561.png,2950,1435
L,2048,782,299,247,56582.png,2953,1435
R,600,768,320,223,56582.png,2953,1435
L,1983,698,301,266,56583.png,2933,1435
R,675,743,308,235,56583.png,2933,1435
L,2104,698,272,251,56584.png,2958,1435
R,587,684,293,199,56584.png,2958,1435
L,2010,702,369,202,56587.png,2948,1435
R,637,671,323,268,56587.png,2948,1435
L,1984,841,265,195,56589.png,2956,1435
L,2006,723,320,226,56591.png,2947,1435
L,1999,778,240,275,56604.png,2952,1435
R,693,792,268,254,56604.png,2952,1435
R,571,881,278,395,56621.png,2915,1435
L,2047,616,324,248,56625.png,2922,1435
R,566,630,310,248,56625.png,2922,1435
L,2006,764,275,268,56626.png,2947,1435
R,640,726,327,254,56626.png,2947,1435
L,2043,783,400,292,56627.png,2849,1435
R,474,736,370,292,56627.png,2849,1435
L,2013,745,284,254,56678.png,2766,1435
R,542,687,294,326,56678.png,2766,1435
L,1979,767,381,261,56683.png,2912,1435
L,2064,765,223,300,56697.png,2955,1435
R,624,817,265,251,56697.png,2955,1435
L,2030,740,330,254,56735.png,2946,1435
L,2060,782,296,230,56772.png,2955,1435
R,635,751,286,227,56772.png,2955,1435
L,1987,761,274,243,56775.png,2939,1435
L,2096,726,228,318,56782.png,2927,1435
R,577,674,262,314,56782.png,2927,1435
L,2029,754,300,307,56786.png,2955,1435
R,705,761,244,300,56786.png,2955,1435
L,2043,788,301,239,56802.png,2936,1435
R,554,809,318,225,56806.png,2935,1435
L,2007,671,309,285,56809.png,2943,1435
R,622,698,302,264,56809.png,2943,1435
L,2001,813,246,309,56810.png,2940,1435
R,597,809,291,284,56810.png,2940,1435
L,2043,796,243,277,56831.png,2941,1435
R,653,768,250,274,56831.png,2941,1435
L,2092,775,293,247,56836.png,2956,1435
L,1994,830,232,298,56848.png,2939,1435
R,670,823,284,215,56848.png,2939,1435
L,2047,733,317,231,56901.png,2926,1435
L,1987,768,315,288,56903.png,2940,1435
R,628,764,326,253,56903.png,2940,1435
L,2024,801,298,270,56916.png,2903,1435
R,596,839,322,250,56916.png,2903,1435
R,682,702,268,268,56927.png,2949,1435
L,2044,796,251,255,56940.png,2957,1435
R,646,813,289,248,56940.png,2957,1435
R,579,674,331,261,56946.png,2953,1435
L,2061,899,270,235,56956.png,2932,1435
R,630,899,221,242,56956.png,2932,1435
L,2013,764,309,327,56975.png,2947,1435
L,2007,758,348,272,56977.png,2953,1435
R,683,765,296,275,56977.png,2953,1435
L,2057,726,272,268,56986.png,2955,1435
R,680,768,261,247,56986.png,2955,1435
L,1967,823,277,250,57003.png,2941,1435
R,708,816,302,187,57003.png,2941,1435
L,2016,850,286,286,57027.png,2922,1435
L,2051,744,241,262,57040.png,2957,1435
R,688,677,244,262,57040.png,2957,1435
L,2014,826,252,280,57130.png,2933,1435
R,654,840,259,259,57130.png,2933,1435
L,2024,754,229,334,57172.png,2948,1435
R,710,768,243,344,57172.png,2948,1435
R,682,796,257,292,57205.png,2948,1435
L,2080,726,282,261,57238.png,2948,1435
R,588,740,295,264,57238.png,2948,1435
L,2039,671,250,312,57245.png,2939,1435
R,611,733,308,253,57245.png,2939,1435
L,2027,785,231,258,57262.png,2922,1435
R,593,730,289,255,57262.png,2922,1435
L,2073,834,229,295,57290.png,2948,1435
R,613,834,316,243,57290.png,2948,1435
R,633,688,300,259,57392.png,2929,1435
L,2071,712,303,286,57404.png,2956,1435
R,572,709,310,265,57404.png,2956,1435
L,1995,799,280,238,57450.png,2931,1435
R,571,778,338,197,57468.png,2929,1435
L,2060,657,322,273,57479.png,2935,1435
R,573,761,290,255,57489.png,2958,1435
L,602,872,278,236,57499.png,2947,1435
L,1994,823,215,263,57504.png,2934,1435
R,703,844,270,176,57504.png,2934,1435
R,717,827,278,219,57518.png,2948,1435
L,2051,854,336,305,57528.png,2937,1435
R,700,865,294,305,57528.png,2937,1435
L,1972,832,321,232,57542.png,2897,1435
R,599,822,318,225,57542.png,2897,1435
L,1967,785,293,247,57583.png,2956,1435
L,2003,810,306,222,57601.png,2948,1435
L,2030,796,264,229,57632.png,2946,1435
R,566,809,330,285,57647.png,2943,1435
L,2049,695,271,288,57674.png,2910,1435
R,587,702,264,244,57674.png,2910,1435
R,641,737,292,216,57711.png,2951,1435
L,2029,678,236,278,57736.png,2945,1435
R,650,750,292,198,57736.png,2945,1435
R,677,792,238,283,57784.png,2927,1435
L,2011,699,279,293,57790.png,2924,1435
R,580,740,252,317,57790.png,2924,1435
L,1967,754,276,211,57813.png,2930,1435
L,2034,778,299,220,57816.png,2918,1435
R,589,764,306,220,57816.png,2918,1435
R,703,754,243,289,57873.png,2948,1435
L,2027,723,228,280,57879.png,2932,1435
R,678,716,235,290,57879.png,2932,1435
L,2029,796,250,330,57882.png,2945,1435
L,2036,677,264,296,57895.png,2950,1435
R,623,681,299,292,57895.png,2950,1435
R,707,754,246,232,57896.png,2935,1435
L,2025,764,287,256,57896.png,2935,1435
L,1976,795,270,301,57917.png,2903,1435
R,733,767,233,298,57917.png,2903,1435
L,1989,764,285,226,57921.png,2948,1435
R,672,744,292,257,57921.png,2948,1435
L,2053,639,257,233,57934.png,2950,1435
R,603,646,275,264,57934.png,2950,1435
L,2062,782,267,270,57938.png,2938,1435
R,694,743,236,246,57938.png,2938,1435
R,582,723,291,253,57983.png,2936,1435
R,611,792,286,255,57999.png,2922,1435
L,2000,905,217,314,58001.png,2923,1435
R,704,926,221,296,58001.png,2923,1435
L,2036,660,279,272,58011.png,2955,1435
R,649,674,286,209,58011.png,2955,1435
R,706,712,296,299,58018.png,2919,1435
L,2023,813,256,218,58024.png,2937,1435
L,1985,757,317,245,58028.png,2922,1435
R,704,740,234,258,58028.png,2922,1435
L,2009,813,319,215,58033.png,2936,1435
R,693,806,249,263,58033.png,2936,1435
L,2023,778,215,240,58123.png,2947,1435
L,2016,688,329,263,58159.png,2936,1435
R,638,698,305,253,58159.png,2936,1435
R,686,827,236,250,58184.png,2948,1435
R,669,782,287,211,58190.png,2937,1435
L,2009,824,244,279,58191.png,2956,1435
R,677,838,279,261,58191.png,2956,1435
L,2000,849,256,280,58193.png,2893,1435
R,618,873,273,194,58193.png,2893,1435
L,2066,740,317,265,58211.png,2953,1435
L,2036,702,268,317,58220.png,2956,1435
R,677,688,234,317,58220.png,2956,1435
L,2025,792,293,234,58255.png,2920,1435
R,620,809,289,203,58255.png,2920,1435
L,1991,796,286,244,58278.png,2956,1435
L,2082,834,339,222,58283.png,2937,1435
L,2029,775,265,261,58288.png,2956,1435
R,768,772,254,244,58288.png,2956,1435
R,648,850,279,200,58297.png,2919,1435
L,1961,747,298,267,58332.png,2906,1435
R,597,712,332,247,58332.png,2906,1435
L,2044,782,278,219,58337.png,2947,1435
R,658,775,278,212,58337.png,2947,1435
L,2095,660,301,318,58363.png,2935,1435
L,1939,767,218,296,58374.png,2889,1435
R,645,777,256,303,58374.png,2889,1435
R,629,740,326,236,58377.png,2945,1435
R,692,851,281,195,58391.png,2946,1435
R,742,754,264,244,58411.png,2950,1435
L,1987,726,223,264,58411.png,2950,1435
L,1969,782,288,267,58412.png,2938,1435
R,728,771,229,260,58412.png,2938,1435
R,626,799,278,226,58479.png,2948,1435
L,2020,775,219,226,58479.png,2948,1435
R,581,688,260,219,58483.png,2945,1435
L,2090,866,262,209,58510.png,2958,1435
L,2054,829,310,241,58540.png,2922,1435
R,676,860,203,272,58540.png,2922,1435
L,2023,832,260,277,58546.png,2897,1435
L,2026,792,291,253,58571.png,2941,1435
R,674,799,260,257,58571.png,2941,1435
R,656,743,228,290,58579.png,2924,1435
L,2056,736,217,300,58579.png,2924,1435
L,2042,774,329,230,58584.png,2905,1435
L,2026,848,312,239,58619.png,2941,1435
L,2010,805,255,206,58620.png,2918,1435
R,685,816,265,175,58620.png,2918,1435
L,1965,809,255,231,58643.png,2923,1435
R,731,795,241,234,58643.png,2923,1435
L,1965,802,272,255,58644.png,2923,1435
R,714,840,345,200,58644.png,2923,1435
R,506,705,319,253,58645.png,2936,1435
L,2113,692,270,294,58645.png,2936,1435
L,1937,678,246,281,58657.png,2901,1435
R,644,702,246,233,58657.png,2901,1435
R,718,747,216,254,58658.png,2952,1435
R,646,808,271,220,58677.png,2910,1435
L,2032,792,226,292,58704.png,2945,1435
R,608,806,306,205,58704.png,2945,1435
L,2014,819,248,293,58760.png,2923,1435
R,707,833,203,276,58760.png,2923,1435
R,614,866,283,215,58769.png,2891,1435
L,1908,781,306,306,58770.png,2920,1435
R,548,771,313,331,58770.png,2920,1435
L,2016,841,261,247,58772.png,2946,1435
R,647,820,271,215,58772.png,2946,1435
L,1984,768,235,294,58781.png,2935,1435
L,2027,699,293,241,58783.png,2922,1435
R,638,712,286,252,58783.png,2922,1435
R,597,809,295,246,58792.png,2941,1435
R,659,813,275,233,58794.png,2955,1435
L,2025,820,293,199,58794.png,2955,1435
R,706,781,249,249,58809.png,2933,1435
R,651,851,288,215,58829.png,2947,1435
L,2041,834,258,299,58830.png,2952,1435
R,742,827,191,265,58830.png,2952,1435
L,2071,702,225,274,58844.png,2936,1435
R,596,747,284,218,58844.png,2936,1435
R,631,847,234,214,58850.png,2922,1435
L,2076,817,282,278,58884.png,2948,1435
L,2009,796,265,254,58932.png,2956,1435
R,618,758,289,213,58932.png,2956,1435
L,2037,753,225,280,58933.png,2897,1435
R,622,777,256,215,58933.png,2897,1435
L,2028,702,254,247,58938.png,2954,1435
R,725,684,219,282,58938.png,2954,1435
L,1939,740,313,254,58953.png,2946,1435
R,720,796,233,295,58953.png,2946,1435
L,2059,831,250,257,58973.png,2949,1435
R,668,810,247,257,58973.png,2949,1435
L,2018,802,255,266,59011.png,2924,1435
R,664,726,253,222,59043.png,2944,1435
L,2082,775,225,312,59045.png,2936,1435
R,652,698,274,287,59045.png,2936,1435
L,2027,730,227,303,59055.png,2957,1435
R,677,768,272,296,59055.png,2957,1435
L,2009,782,279,258,59062.png,2956,1435
R,677,747,272,254,59062.png,2956,1435
L,2046,851,211,250,59143.png,2940,1435
R,680,806,293,209,59164.png,2953,1435
L,1980,841,303,220,59185.png,2955,1435
R,652,817,268,220,59185.png,2955,1435
L,1990,880,250,209,59201.png,2909,1435
R,666,870,250,230,59201.png,2909,1435
L,1990,760,261,285,59206.png,2909,1435
L,2066,823,277,218,59213.png,2939,1435
L,2010,864,235,225,59223.png,2932,1435
R,619,726,233,247,59225.png,2947,1435
L,2027,764,317,210,59281.png,2923,1435
R,649,723,217,221,59281.png,2923,1435
L,2061,785,277,208,59299.png,2941,1435
L,1966,681,247,227,59303.png,2955,1435
R,809,670,192,279,59303.png,2955,1435
L,2059,851,295,198,59308.png,2948,1435
R,651,820,261,202,59308.png,2948,1435
L,1962,749,242,191,59373.png,2848,1435
R,646,746,252,205,59373.png,2848,1435
L,1965,674,254,230,59375.png,2953,1435
R,725,726,233,167,59375.png,2953,1435
L,1972,767,254,234,59387.png,2912,1435
L,2005,796,247,209,59409.png,2956,1435
R,684,789,202,251,59409.png,2956,1435
L,2120,740,217,290,59411.png,2927,1435
R,515,750,286,217,59411.png,2927,1435
L,2013,778,277,232,59440.png,2932,1435
R,620,764,280,194,59440.png,2932,1435
L,2019,743,293,222,59444.png,2891,1435
R,604,767,245,215,59444.png,2891,1435
R,701,834,291,184,59556.png,2939,1435
L,2001,733,279,230,59605.png,2955,1435
R,712,726,244,223,59605.png,2955,1435
L,1995,789,240,247,59606.png,2952,1435
R,760,771,202,233,59606.png,2952,1435
L,2080,712,216,265,59654.png,2954,1435
R,642,702,223,265,59654.png,2954,1435
L,2071,820,236,250,59662.png,2946,1435
R,643,837,261,229,59662.png,2946,1435
L,2028,859,188,244,59665.png,2954,1435
R,683,873,247,195,59665.png,2954,1435
L,2053,778,298,239,59687.png,2940,1435
L,2043,712,244,227,59696.png,2955,1435
L,2055,820,285,205,59731.png,2943,1435
R,677,806,219,253,59731.png,2943,1435
L,2104,834,226,268,59734.png,2953,1435
R,607,855,272,230,59734.png,2953,1435
R,622,709,252,294,59739.png,2929,1435
L,2013,747,233,292,59748.png,2947,1435
R,661,757,229,250,59748.png,2947,1435
R,678,754,254,222,59750.png,2947,1435
L,2065,768,293,202,59752.png,2957,1435
R,600,754,289,195,59752.png,2957,1435
R,717,754,202,250,59763.png,2948,1435
L,2002,810,292,177,59773.png,2946,1435
R,713,782,233,236,59773.png,2946,1435
L,2036,712,298,198,59781.png,2940,1435
R,652,671,250,263,59781.png,2940,1435
L,2004,899,263,222,59789.png,2939,1435
R,701,875,208,263,59789.png,2939,1435
L,2075,674,300,247,59802.png,2956,1435
R,625,656,275,202,59802.png,2956,1435
L,2104,774,214,287,59863.png,2929,1435
R,569,890,359,275,59876.png,2955,1435
L,2055,841,220,234,59890.png,2957,1435
R,642,848,303,202,59890.png,2957,1435
R,614,736,273,208,59892.png,2891,1435
L,2029,743,290,215,59892.png,2891,1435
L,2045,789,264,250,59912.png,2948,1435
R,738,796,212,250,59912.png,2948,1435
L,2055,809,291,236,59933.png,2937,1435
L,1990,819,294,197,59950.png,2929,1435
R,626,792,273,197,59950.png,2929,1435
L,2048,674,216,258,59990.png,2953,1435
R,628,684,265,226,59990.png,2953,1435
L,2048,782,265,321,59996.png,2957,1435
R,642,744,272,269,59996.png,2957,1435
L,2070,775,212,292,60000.png,2949,1435
R,679,813,247,316,60000.png,2949,1435
L,2009,795,301,190,60006.png,2936,1435
R,624,823,267,180,60006.png,2936,1435
L,2117,767,299,265,60018.png,2913,1435
R,519,743,299,247,60018.png,2913,1435
L,2030,857,276,217,60020.png,2926,1435
L,2097,809,277,263,60047.png,2933,1435
R,596,795,246,263,60047.png,2933,1435
L,2057,892,266,218,60089.png,2931,1435
L,2030,775,242,281,60090.png,2937,1435
R,707,775,187,284,60090.png,2937,1435
L,2058,758,300,206,60100.png,2957,1435
L,2006,771,217,255,60111.png,2927,1435
L,2034,709,263,266,60178.png,2933,1435
R,651,747,284,183,60178.png,2933,1435
L,2068,712,285,240,60182.png,2952,1435
R,683,782,233,223,60182.png,2952,1435
L,2055,712,198,264,60196.png,2947,1435
R,682,712,222,250,60196.png,2947,1435
L,2014,872,268,191,60213.png,2949,1435
R,665,872,254,202,60213.png,2949,1435
R,614,723,303,223,60219.png,2956,1435
L,2004,784,219,250,60226.png,2899,1435
R,691,747,212,229,60226.png,2899,1435
R,680,820,272,223,60235.png,2952,1435
L,2086,809,238,318,60236.png,2928,1435
R,622,809,235,266,60236.png,2928,1435
L,2043,768,222,247,60242.png,2945,1435
R,602,768,288,194,60242.png,2945,1435
L,1975,796,278,236,60257.png,2943,1435
R,664,796,219,205,60257.png,2943,1435
L,2026,851,267,208,60262.png,2936,1435
R,620,851,280,208,60262.png,2936,1435
L,2009,785,239,225,60271.png,2941,1435
R,663,750,277,222,60271.png,2941,1435
L,2062,771,209,275,60274.png,2952,1435
R,683,785,237,265,60274.png,2952,1435
L,2025,850,228,224,60291.png,2924,1435
R,649,836,252,234,60291.png,2924,1435
L,1975,794,249,177,60312.png,2891,1435
R,751,757,208,225,60312.png,2891,1435
L,1976,885,263,183,60318.png,2929,1435
R,747,864,193,235,60318.png,2929,1435
L,1991,723,278,198,60322.png,2950,1435
R,714,712,268,177,60322.png,2950,1435
R,654,865,250,181,60338.png,2947,1435
L,2011,646,230,279,60340.png,2955,1435
R,708,660,254,174,60340.png,2955,1435
L,2073,760,306,217,60347.png,2915,1435
R,647,754,203,258,60347.png,2915,1435
L,2055,754,220,223,60350.png,2957,1435
L,2036,698,251,251,60352.png,2956,1435
R,670,744,258,206,60352.png,2956,1435
L,2057,761,247,278,60353.png,2945,1435
R,598,744,292,229,60353.png,2945,1435
L,2092,768,226,250,60360.png,2946,1435
L,2049,778,256,225,60363.png,2929,1435
R,626,743,269,176,60363.png,2929,1435
L,2087,920,231,221,60379.png,2929,1435
R,619,888,242,225,60379.png,2929,1435
L,1985,751,195,268,60408.png,2947,1435
R,734,747,229,250,60408.png,2947,1435
L,2029,638,262,310,60413.png,2886,1435
R,596,624,262,272,60413.png,2886,1435
L,1999,805,206,257,60440.png,2911,1435
R,708,767,209,233,60440.png,2911,1435
L,1987,796,213,251,60441.png,2955,1435
R,750,792,233,240,60441.png,2955,1435
L,2024,692,231,265,60447.png,2918,1435
R,703,681,203,210,60447.png,2918,1435
L,2099,797,224,244,60456.png,2874,1435
R,631,804,224,193,60456.png,2874,1435
L,2036,761,257,247,60457.png,2945,1435
R,667,754,250,274,60457.png,2945,1435
L,2036,671,270,263,60458.png,2931,1435
R,678,716,214,273,60458.png,2931,1435
R,707,723,212,230,60489.png,2952,1435
L,2046,785,204,238,60493.png,2930,1435
L,2020,855,219,209,60512.png,2952,1435
R,756,834,202,219,60512.png,2952,1435
L,2113,740,241,279,60521.png,2956,1435
R,597,740,251,258,60521.png,2956,1435
L,2046,688,219,268,60529.png,2949,1435
R,665,684,254,268,60529.png,2949,1435
L,1985,761,244,251,60538.png,2957,1435
R,754,737,230,255,60538.png,2957,1435
L,2065,765,265,269,60541.png,2957,1435
R,684,740,195,237,60541.png,2957,1435
R,735,792,223,289,60546.png,2950,1435
L,1998,816,253,235,60547.png,2936,1435
R,724,840,235,190,60547.png,2936,1435
L,1988,712,223,251,60550.png,2910,1435
L,1973,726,221,298,60552.png,2934,1435
R,741,740,215,287,60552.png,2934,1435
L,2026,719,236,257,60561.png,2941,1435
R,694,702,218,232,60561.png,2941,1435
R,732,806,229,218,60562.png,2938,1435
L,2041,824,191,257,60565.png,2948,1435
L,2016,782,242,263,60571.png,2936,1435
L,2047,785,221,273,60575.png,2931,1435
R,612,785,245,263,60575.png,2931,1435
L,1988,671,247,265,60595.png,2952,1435
L,2038,867,295,199,60600.png,2908,1435
R,604,822,278,226,60600.png,2908,1435
R,578,754,310,216,60622.png,2950,1435
L,2016,796,254,209,60623.png,2947,1435
R,699,817,247,229,60623.png,2947,1435
L,2072,702,259,269,60639.png,2923,1435
R,573,681,276,224,60639.png,2923,1435
L,1996,864,238,214,60654.png,2923,1435
L,2016,740,217,262,60671.png,2926,1435
R,622,774,314,210,60671.png,2926,1435
L,2019,874,299,182,60710.png,2911,1435
R,670,808,268,192,60710.png,2911,1435
L,2083,837,249,277,60722.png,2938,1435
R,610,820,253,294,60722.png,2938,1435
L,2059,865,250,236,60728.png,2949,1435
R,599,851,296,216,60728.png,2949,1435
L,2007,688,229,246,60730.png,2943,1435
R,681,646,239,271,60730.png,2943,1435
R,647,865,254,198,60742.png,2948,1435
L,1991,817,264,202,60747.png,2951,1435
L,2032,796,313,236,60761.png,2945,1435
R,685,785,240,188,60761.png,2945,1435
L,1994,726,244,244,60766.png,2919,1435
R,682,771,251,169,60766.png,2919,1435
L,2054,864,210,248,60767.png,2922,1435
L,2017,723,250,219,60768.png,2948,1435
R,720,865,236,149,60775.png,2947,1435
L,2082,817,247,233,60785.png,2947,1435
R,609,858,288,233,60785.png,2947,1435
L,2085,723,235,286,60812.png,2926,1435
R,667,750,238,290,60812.png,2926,1435
L,1974,688,228,252,60822.png,2930,1435
R,754,685,200,280,60822.png,2930,1435
L,2036,751,265,192,60832.png,2956,1435
R,747,744,199,244,60832.png,2956,1435
L,2114,806,250,212,60844.png,2947,1435
R,647,726,236,295,60844.png,2947,1435
L,2089,709,241,251,60857.png,2918,1435
R,637,740,234,244,60857.png,2918,1435
L,2012,803,226,264,60863.png,2946,1435
R,709,823,233,222,60863.png,2946,1435
L,2026,820,220,275,60866.png,2956,1435
R,663,883,244,247,60866.png,2956,1435
L,2030,695,271,240,60880.png,2946,1435
R,675,639,247,254,60880.png,2946,1435
L,1986,664,219,209,60897.png,2948,1435
R,727,712,226,181,60897.png,2948,1435
L,2002,833,238,173,60902.png,2931,1435
R,765,781,211,221,60902.png,2931,1435
L,2012,754,252,270,52807.png,2931,1435
R,606,733,294,256,52807.png,2931,1435
L,2028,837,225,249,52890.png,2933,1435
R,679,868,232,197,52890.png,2933,1435
L,2000,740,260,264,52953.png,2944,1435
L,2059,834,181,282,53100.png,2949,1435
R,654,827,223,282,53100.png,2949,1435
L,1927,808,261,178,53185.png,2907,1435
R,714,767,264,185,53185.png,2907,1435
L,2033,799,237,261,53275.png,2951,1435
R,707,824,188,237,53275.png,2951,1435
L,1981,782,230,254,53382.png,2951,1435
L,1975,859,236,250,53404.png,2901,1435
R,726,788,205,263,53404.png,2901,1435
R,627,803,275,313,53406.png,2951,1435
L,2032,871,252,300,53441.png,2929,1435
R,674,754,210,269,53442.png,2926,1435
R,630,809,256,239,53444.png,2934,1435
L,2035,795,287,215,53444.png,2934,1435
R,765,813,215,264,53462.png,2946,1435
L,1975,870,294,198,53468.png,2901,1435
R,692,863,267,195,53468.png,2901,1435
R,663,754,216,272,53475.png,2954,1435
R,623,835,274,192,53514.png,2900,1435
L,2001,808,260,212,53514.png,2900,1435
L,2039,688,268,286,53525.png,2955,1435
R,701,677,233,240,53525.png,2955,1435
L,1937,850,276,200,53556.png,2922,1435
R,728,871,238,193,53556.png,2922,1435
L,2003,844,269,235,53559.png,2928,1435
L,1975,918,254,181,53598.png,2953,1435
R,669,893,265,185,53598.png,2953,1435
L,2062,837,221,277,53619.png,2933,1435
L,1983,775,322,184,53622.png,2939,1435
R,621,747,298,177,53622.png,2939,1435
L,2049,905,265,271,53623.png,2914,1435
R,630,939,227,199,53623.png,2914,1435
L,2043,821,228,310,53653.png,2886,1435
R,661,842,242,184,53653.png,2886,1435
L,2058,852,300,213,53658.png,2957,1435
L,2010,838,268,209,53662.png,2953,1435
R,652,855,268,219,53662.png,2953,1435
L,1982,855,271,212,53663.png,2948,1435
L,2059,750,285,205,53667.png,2943,1435
R,653,750,233,285,53667.png,2943,1435
L,2004,792,267,219,53671.png,2944,1435
R,626,782,306,198,53671.png,2944,1435
L,2089,705,268,226,53702.png,2947,1435
R,619,702,271,195,53702.png,2947,1435
L,1968,868,204,231,53719.png,2927,1435
R,698,854,269,211,53719.png,2927,1435
L,2032,750,218,263,53730.png,2930,1435
R,662,806,240,195,53742.png,2952,1435
L,1956,796,247,219,53778.png,2950,1435
R,686,817,289,191,53778.png,2950,1435
L,2115,809,304,221,53787.png,2929,1435
R,488,712,345,280,53787.png,2929,1435
L,1993,934,232,208,53820.png,2933,1435
R,682,941,246,204,53820.png,2933,1435
L,1975,795,240,243,53830.png,2907,1435
L,2008,805,251,182,53845.png,2910,1435
R,642,795,237,185,53845.png,2910,1435
L,2074,848,261,279,53859.png,2955,1435
R,614,813,275,258,53859.png,2955,1435
L,2043,868,304,221,53864.png,2926,1435
R,653,888,266,245,53864.png,2926,1435
L,1984,824,205,202,53872.png,2951,1435
R,728,845,237,191,53872.png,2951,1435
L,1983,902,172,282,53891.png,2918,1435
R,761,843,172,241,53891.png,2918,1435
L,2019,811,298,203,53896.png,2872,1435
R,610,773,257,237,53896.png,2872,1435
L,1944,813,278,191,53912.png,2943,1435
R,681,823,309,184,53912.png,2943,1435
L,2076,809,267,222,53917.png,2938,1435
R,614,809,263,191,53917.png,2938,1435
L,2065,810,213,282,53958.png,2957,1435
R,684,782,223,275,53958.png,2957,1435
L,1991,844,306,219,53959.png,2946,1435
R,682,827,233,254,53959.png,2946,1435
L,2054,685,248,303,53963.png,2916,1435
R,592,699,279,289,53963.png,2916,1435
R,726,712,258,223,53964.png,2956,1435
L,1998,709,300,232,53985.png,2895,1435
L,2104,768,205,260,54012.png,2943,1435
R,657,740,212,250,54012.png,2943,1435
R,681,848,264,205,54022.png,2945,1435
R,709,921,243,226,54057.png,2946,1435
L,2043,921,271,212,54057.png,2946,1435
R,668,810,292,195,54059.png,2946,1435
R,628,829,269,231,54060.png,2922,1435
L,1950,876,243,254,54062.png,2946,1435
L,2033,848,261,195,54074.png,2951,1435
R,648,886,285,177,54074.png,2951,1435
L,2062,702,275,219,54080.png,2947,1435
R,637,674,268,188,54080.png,2947,1435
L,2036,879,278,195,54118.png,2946,1435
R,650,865,264,181,54118.png,2946,1435
L,2061,824,261,188,54145.png,2951,1435
R,603,796,268,223,54145.png,2951,1435
L,2034,823,277,225,54152.png,2933,1435
R,623,809,287,208,54152.png,2933,1435
L,2037,650,213,272,54183.png,2957,1435
R,726,688,199,265,54183.png,2957,1435
L,2056,705,241,283,54193.png,2959,1435
R,695,688,241,248,54193.png,2959,1435
L,2006,870,282,185,54208.png,2912,1435
R,602,815,312,247,54208.png,2912,1435
R,786,785,198,288,54220.png,2947,1435
R,714,743,209,267,54247.png,2907,1435
R,756,802,190,259,54257.png,2926,1435
R,750,716,167,249,54258.png,2889,1435
L,1932,723,296,191,54258.png,2889,1435
L,2065,761,183,259,54265.png,2932,1435
R,706,768,197,232,54265.png,2932,1435
R,650,795,277,207,54295.png,2931,1435
R,667,754,218,288,54324.png,2941,1435
L,2067,846,282,213,54326.png,2916,1435
R,568,833,272,254,54326.png,2916,1435
L,1994,795,232,228,54330.png,2935,1435
R,672,806,284,211,54330.png,2935,1435
L,2029,829,260,209,54336.png,2901,1435
R,603,808,250,178,54336.png,2901,1435
L,2105,733,311,242,54341.png,2926,1435
R,546,743,324,217,54341.png,2926,1435
L,2012,784,281,277,54354.png,2905,1435
L,2105,848,285,282,54356.png,2949,1435
R,627,837,282,250,54356.png,2949,1435
L,2018,719,239,215,54378.png,2899,1435
R,657,781,253,168,54378.png,2899,1435
L,2032,822,331,263,54380.png,2895,1435
R,642,712,242,300,54380.png,2895,1435
L,2043,695,215,268,54398.png,2946,1435
R,699,664,219,292,54398.png,2946,1435
R,627,838,306,264,54404.png,2950,1435
L,1991,796,264,254,54406.png,2951,1435
R,683,813,278,205,54406.png,2951,1435
L,2055,806,255,241,54421.png,2957,1435
L,2030,820,264,212,54422.png,2942,1435
L,2051,808,297,226,54427.png,2898,1435
R,626,726,236,284,54427.png,2898,1435
L,2069,809,266,259,54430.png,2933,1435
R,596,806,273,221,54430.png,2933,1435
R,677,805,204,255,54438.png,2926,1435
L,2093,796,247,282,54442.png,2948,1435
R,599,764,243,313,54442.png,2948,1435
L,2012,866,275,206,54513.png,2956,1435
L,2060,854,249,187,54516.png,2930,1435
L,1964,923,270,187,54538.png,2931,1435
R,761,882,221,190,54538.png,2931,1435
L,2002,900,309,232,54539.png,2941,1435
L,2033,806,261,205,54544.png,2946,1435
R,765,771,208,278,54544.png,2946,1435
R,598,761,306,177,54545.png,2945,1435
L,2005,730,197,245,54554.png,2930,1435
R,668,761,218,256,54554.png,2930,1435
L,2025,807,273,206,54560.png,2861,1435
L,2024,837,278,195,54563.png,2948,1435
R,665,813,250,264,54563.png,2948,1435
L,2005,879,215,267,54566.png,2945,1435
R,786,865,226,250,54566.png,2945,1435
L,2003,833,234,251,54568.png,2918,1435
R,665,812,272,162,54571.png,2920,1435
L,2005,798,303,189,54571.png,2920,1435
L,2077,845,265,235,54594.png,2886,1435
R,504,804,279,248,54594.png,2886,1435
L,1989,921,188,278,54595.png,2947,1435
R,786,865,229,306,54595.png,2947,1435
L,1991,877,295,206,54611.png,2910,1435
R,752,767,226,295,54611.png,2910,1435
L,597,799,251,230,54612.png,2957,1435
R,716,816,219,236,54643.png,2943,1435
L,2029,685,249,297,54647.png,2891,1435
R,604,682,266,303,54647.png,2891,1435
L,2023,823,292,212,54657.png,2947,1435
R,661,771,254,233,54657.png,2947,1435
L,2027,771,250,246,54660.png,2943,1435
R,667,782,267,208,54660.png,2943,1435
L,2017,823,248,221,54666.png,2923,1435
R,676,802,262,207,54666.png,2923,1435
L,2048,709,191,268,54705.png,2952,1435
L,1974,832,278,226,54716.png,2910,1435
R,694,829,268,196,54716.png,2910,1435
L,1966,841,224,255,54721.png,2878,1435
R,646,902,268,176,54721.png,2878,1435
L,2103,747,296,184,54738.png,2951,1435
R,627,698,292,195,54738.png,2951,1435
L,2065,754,241,241,54748.png,2923,1435
L,1984,809,306,176,54799.png,2920,1435
R,738,795,200,234,54799.png,2920,1435
R,650,847,259,214,54805.png,2929,1435
L,2065,788,253,199,54817.png,2903,1435
R,607,753,267,192,54817.png,2903,1435
L,2036,716,307,234,54826.png,2956,1435
R,736,730,227,247,54826.png,2956,1435
L,2012,872,305,264,54828.png,2941,1435
R,615,875,288,229,54828.png,2941,1435
R,662,761,272,221,54836.png,2922,1435
R,740,796,258,213,54859.png,2958,1435
L,1963,778,299,210,54880.png,2919,1435
L,1976,809,269,221,54881.png,2928,1435
R,681,837,287,262,54881.png,2928,1435
L,2007,698,226,257,54883.png,2949,1435
L,2010,685,210,265,54915.png,2918,1435
R,689,661,217,258,54915.png,2918,1435
L,1932,850,262,248,54920.png,2924,1435
R,632,840,283,228,54920.png,2924,1435
L,2051,754,257,194,54943.png,2942,1435
R,691,705,226,243,54943.png,2942,1435
L,2014,795,254,192,54953.png,2909,1435
R,714,764,261,220,54953.png,2909,1435
L,2018,824,233,198,54960.png,2950,1435
L,2016,771,203,251,54980.png,2916,1435
R,716,809,224,217,54980.png,2916,1435
L,2096,740,207,279,54987.png,2922,1435
L,2012,804,249,208,54996.png,2891,1435
L,2043,779,265,230,55001.png,2956,1435
R,656,740,265,275,55001.png,2956,1435
L,2015,831,272,185,55006.png,2955,1435
R,691,893,247,167,55006.png,2955,1435
R,569,834,287,211,55020.png,2937,1435
R,667,837,264,264,55029.png,2945,1435
L,2007,878,241,231,55082.png,2923,1435
R,669,881,245,231,55082.png,2923,1435
L,2064,761,194,208,55116.png,2936,1435
R,697,726,208,253,55116.png,2936,1435
L,2041,913,301,214,55171.png,2933,1435
R,706,889,204,308,55171.png,2933,1435
L,1974,833,290,211,55176.png,2931,1435
L,1976,809,286,207,55179.png,2924,1435
L,1946,712,344,257,55217.png,2946,1435
R,647,691,274,205,55217.png,2946,1435
L,2034,730,293,283,55232.png,2922,1435
R,538,692,317,221,55232.png,2922,1435
L,2025,778,303,217,55250.png,2924,1435
R,663,740,303,224,55250.png,2924,1435
L,2009,823,238,228,55254.png,2931,1435
R,720,802,228,214,55254.png,2931,1435
L,2010,878,307,238,55262.png,2923,1435
L,2062,810,272,258,55265.png,2952,1435
R,613,799,292,272,55265.png,2952,1435
R,605,754,257,198,55277.png,2946,1435
L,2002,768,250,250,55281.png,2947,1435
R,658,740,271,222,55281.png,2947,1435
L,1973,792,198,277,55282.png,2939,1435
R,638,806,319,198,55282.png,2939,1435
L,2048,719,202,302,55295.png,2948,1435
R,686,751,222,282,55295.png,2948,1435
L,2018,813,233,219,55296.png,2949,1435
R,710,813,219,240,55296.png,2949,1435
R,714,813,219,219,55299.png,2952,1435
L,2033,851,277,207,55316.png,2931,1435
L,2086,667,226,244,55320.png,2952,1435
L,2126,792,260,260,55335.png,2945,1435
R,598,844,285,181,55335.png,2945,1435
L,2047,733,304,224,55353.png,2926,1435
R,598,757,269,204,55353.png,2926,1435
R,545,782,303,216,55359.png,2958,1435
L,2079,843,220,268,55381.png,2918,1435
R,565,826,292,200,55381.png,2918,1435
L,2075,733,219,285,55383.png,2952,1435
R,599,737,299,219,55383.png,2952,1435
L,2043,903,281,191,55385.png,2940,1435
R,736,858,194,229,55385.png,2940,1435
L,2054,810,219,285,55399.png,2946,1435
R,629,806,278,219,55399.png,2946,1435
L,2027,789,236,256,55428.png,2937,1435
L,2047,771,294,232,55499.png,2936,1435
R,617,775,274,229,55499.png,2936,1435
L,2024,695,241,255,55520.png,2918,1435
R,620,750,251,248,55520.png,2918,1435
L,2075,782,208,271,55526.png,2946,1435
R,668,778,215,278,55526.png,2946,1435
L,2064,834,275,209,55532.png,2951,1435
R,651,851,271,195,55532.png,2951,1435
L,2041,810,258,195,55536.png,2952,1435
R,680,803,240,202,55536.png,2952,1435
R,683,813,271,250,55554.png,2950,1435
L,2081,823,270,187,55570.png,2940,1435
R,722,813,222,270,55570.png,2940,1435
L,2020,820,220,220,55574.png,2958,1435
R,712,796,234,216,55574.png,2958,1435
L,2026,691,229,250,55593.png,2941,1435
R,684,771,236,177,55593.png,2941,1435
L,2122,723,260,225,55609.png,2935,1435
R,610,733,208,253,55609.png,2935,1435
L,2038,782,314,234,55636.png,2958,1435
R,636,775,276,241,55636.png,2958,1435
L,2027,789,268,229,55641.png,2947,1435
L,2068,757,219,278,55658.png,2946,1435
R,678,764,215,268,55658.png,2946,1435
L,2076,671,263,225,55670.png,2933,1435
R,620,674,266,218,55670.png,2933,1435
L,2025,764,293,196,55687.png,2920,1435
R,645,774,272,196,55687.png,2920,1435
L,2014,836,262,221,55690.png,2923,1435
L,2059,753,229,243,55698.png,2904,1435
R,648,767,223,260,55698.png,2904,1435
L,1994,723,263,200,55700.png,2929,1435
R,761,636,238,235,55700.png,2929,1435
R,614,726,265,286,55721.png,2955,1435
L,2034,777,267,209,55726.png,2903,1435
R,610,788,270,202,55726.png,2903,1435
L,2024,898,265,189,55783.png,2913,1435
R,585,877,333,182,55783.png,2913,1435
L,2064,810,293,237,55797.png,2956,1435
R,625,827,324,220,55797.png,2956,1435
L,2109,855,285,208,55828.png,2946,1435
R,557,855,288,191,55828.png,2946,1435
L,2035,934,249,215,55834.png,2934,1435
R,719,830,238,228,55857.png,2928,1435
L,2054,802,273,221,55864.png,2926,1435
R,649,809,255,207,55864.png,2926,1435
L,2045,712,313,174,55871.png,2948,1435
R,626,757,240,219,55872.png,2948,1435
R,682,844,261,215,55898.png,2947,1435
L,1985,830,302,204,55938.png,2842,1435
R,621,823,241,174,55938.png,2842,1435
L,2078,866,265,209,55948.png,2955,1435
R,666,855,296,195,55948.png,2955,1435
L,1992,872,271,187,55949.png,2942,1435
L,2037,825,212,282,55964.png,2813,1435
R,584,752,249,305,55964.png,2813,1435
L,2027,841,261,265,55975.png,2952,1435
R,641,820,275,244,55975.png,2952,1435
L,2054,826,266,217,55986.png,2927,1435
R,625,819,262,224,55986.png,2927,1435
L,2061,897,233,223,56002.png,2951,1435
L,2056,820,264,219,56005.png,2944,1435
L,2053,796,271,198,56023.png,2945,1435
R,664,810,243,194,56023.png,2945,1435
L,2065,671,300,186,56625.png,2922,1435
R,573,671,283,203,56625.png,2922,1435
L,2054,787,222,290,60572.png,2892,1435
R,611,784,280,208,60572.png,2892,1435
L,1993,754,299,233,60573.png,2953,1435
L,2009,809,273,194,60726.png,2931,1435
R,602,830,287,173,60726.png,2931,1435
L,2064,758,227,272,60727.png,2956,1435
R,677,789,209,286,60727.png,2956,1435
L,2012,768,219,278,60809.png,2951,1435
R,752,758,240,261,60809.png,2951,1435
L,1946,804,255,258,60811.png,2884,1435
L,2052,768,204,214,60906.png,2933,1435
R,623,761,273,204,60906.png,2933,1435
L,2010,846,299,213,60911.png,2912,1435
R,595,836,288,213,60911.png,2912,1435
R,705,757,210,292,60913.png,2914,1435
L,2020,782,191,288,60917.png,2947,1435
L,1985,799,284,214,60922.png,2932,1435
R,761,761,256,249,60922.png,2932,1435
L,2009,811,276,218,60924.png,2887,1435
L,2056,723,218,288,60932.png,2939,1435
L,2063,822,258,206,60945.png,2915,1435
L,2032,730,237,261,60985.png,2950,1435
L,2003,858,194,284,60987.png,2932,1435
R,813,819,159,294,60987.png,2932,1435
L,2035,712,263,232,60991.png,2934,1435
L,2023,698,243,250,60995.png,2947,1435
R,604,880,296,216,60998.png,2956,1435
L,2015,761,306,271,60999.png,2950,1435
R,641,761,313,223,60999.png,2950,1435
L,2073,813,254,205,61000.png,2953,1435
R,662,831,254,192,61000.png,2953,1435
R,2041,845,234,251,61003.png,2957,1435
R,637,785,278,233,61011.png,2950,1435
L,2032,723,188,254,61035.png,2950,1435
R,672,792,275,164,61035.png,2950,1435
L,1998,743,212,277,61048.png,2900,1435
R,647,750,256,205,61048.png,2900,1435
R,700,740,200,276,61056.png,2923,1435
L,2073,639,246,274,61057.png,2943,1435
R,639,629,267,264,61057.png,2943,1435
L,2032,716,221,256,61063.png,2930,1435
R,702,716,225,259,61063.png,2930,1435
L,2018,930,279,191,61067.png,2889,1435
R,600,920,300,181,61067.png,2889,1435
L,2054,822,251,220,61089.png,2916,1435
R,716,819,193,248,61089.png,2916,1435
L,2032,827,274,250,61092.png,2944,1435
R,685,813,205,271,61092.png,2944,1435
L,1989,844,233,288,61137.png,2943,1435
L,2038,657,221,266,61144.png,2933,1435
R,703,619,225,273,61144.png,2933,1435
L,1986,806,218,269,61146.png,2928,1435
L,2058,764,247,296,61150.png,2952,1435
R,655,730,230,296,61150.png,2952,1435
L,2002,737,222,292,61152.png,2947,1435
R,724,684,257,271,61152.png,2947,1435
R,733,657,204,293,61155.png,2928,1435
L,2034,820,240,233,61160.png,2952,1435
R,655,879,265,191,61160.png,2952,1435
R,663,743,245,252,61172.png,2926,1435
L,2014,830,283,259,61184.png,2923,1435
R,731,771,193,248,61184.png,2923,1435
L,2055,826,200,262,61190.png,2923,1435
R,566,712,305,243,61195.png,2939,1435
L,1996,864,224,255,61196.png,2923,1435
R,676,861,269,231,61196.png,2923,1435
L,2028,788,225,252,61201.png,2933,1435
R,679,768,232,270,61201.png,2933,1435
L,2076,754,247,299,61205.png,2914,1435
R,619,760,237,289,61205.png,2914,1435
R,699,754,212,278,61213.png,2946,1435
L,2001,754,236,250,61216.png,2945,1435
R,737,716,254,264,61216.png,2945,1435
R,687,726,270,191,61218.png,2939,1435
L,2014,794,260,260,61219.png,2898,1435
R,677,791,239,253,61219.png,2898,1435
L,2089,656,293,234,61225.png,2956,1435
R,639,684,258,241,61225.png,2956,1435
L,2029,670,258,279,61227.png,2955,1435
R,694,677,244,282,61227.png,2955,1435
L,1967,667,219,268,61232.png,2951,1435
R,669,684,264,233,61232.png,2951,1435
L,2016,754,220,251,61234.png,2957,1435
R,775,737,209,230,61234.png,2957,1435
R,665,671,234,248,61243.png,2919,1435
L,2096,660,258,244,61246.png,2952,1435
L,2058,761,226,233,61257.png,2952,1435
R,711,740,205,230,61257.png,2952,1435
L,2020,726,292,181,61258.png,2952,1435
R,655,657,244,188,61258.png,2952,1435
R,646,837,257,212,61259.png,2941,1435
L,1894,774,272,258,61265.png,2919,1435
R,720,726,224,234,61265.png,2919,1435
L,2032,900,271,181,61270.png,2944,1435
L,1996,771,253,267,61271.png,2937,1435
L,2013,873,262,220,61280.png,2957,1435
R,743,852,227,237,61280.png,2957,1435
L,2070,695,207,276,61299.png,2924,1435
R,608,685,269,210,61299.png,2924,1435
L,2030,891,227,220,61304.png,2912,1435
L,1999,796,226,250,61306.png,2947,1435
R,689,810,264,181,61306.png,2947,1435
L,2107,830,266,228,61311.png,2928,1435
L,1978,760,233,274,61312.png,2906,1435
R,676,757,257,243,61312.png,2906,1435
L,2098,890,272,237,61319.png,2955,1435
R,586,817,275,244,61319.png,2955,1435
L,1994,716,230,271,61322.png,2950,1435
R,689,740,230,237,61322.png,2950,1435
L,1977,872,257,229,61331.png,2945,1435
R,768,837,236,194,61331.png,2945,1435
L,2000,677,272,188,61344.png,2954,1435
R,757,705,185,254,61344.png,2954,1435
L,2086,688,219,295,61345.png,2947,1435
R,668,684,233,271,61345.png,2947,1435
L,2019,754,237,278,61346.png,2951,1435
R,665,758,247,237,61346.png,2951,1435
L,2034,754,261,257,61349.png,2947,1435
R,703,737,243,233,61349.png,2947,1435
L,1995,712,233,257,61351.png,2947,1435
R,710,695,229,271,61351.png,2947,1435
L,2046,782,250,250,61374.png,2950,1435
R,696,761,250,261,61374.png,2950,1435
L,2034,754,234,268,61390.png,2912,1435
R,619,798,306,261,61390.png,2912,1435
L,2100,667,276,297,61402.png,2928,1435
R,622,661,249,280,61402.png,2928,1435
L,2061,771,274,247,61412.png,2946,1435
R,716,744,215,247,61412.png,2946,1435
R,529,865,281,215,61414.png,2946,1435
L,2037,695,184,268,61416.png,2947,1435
R,640,716,236,205,61416.png,2947,1435
L,2002,657,351,285,61451.png,2951,1435
R,599,632,292,230,61451.png,2951,1435
R,599,830,268,257,61452.png,2948,1435
L,1977,810,237,257,61462.png,2950,1435
L,1987,763,227,251,61465.png,2879,1435
R,680,767,234,224,61465.png,2879,1435
L,1988,812,260,233,61466.png,2906,1435
R,672,808,254,250,61466.png,2906,1435
R,703,824,202,268,61482.png,2950,1435
L,2068,789,181,275,61484.png,2956,1435
R,653,824,220,265,61484.png,2956,1435
L,2050,767,249,246,61512.png,2897,1435
R,670,753,191,273,61512.png,2897,1435
L,2044,726,250,212,61527.png,2947,1435
R,664,660,268,261,61527.png,2947,1435
L,2050,784,195,263,61530.png,2897,1435
R,694,774,195,249,61530.png,2897,1435
L,2058,667,233,268,61531.png,2947,1435
R,692,639,205,285,61531.png,2947,1435
L,2019,653,278,258,61535.png,2951,1435
R,603,608,282,300,61538.png,2954,1435
L,2050,765,192,275,61542.png,2955,1435
R,746,761,199,272,61542.png,2955,1435
L,2007,775,256,270,61546.png,2933,1435
R,734,740,232,270,61546.png,2933,1435
L,2058,678,314,241,61548.png,2922,1435
R,635,657,262,276,61548.png,2922,1435
R,604,826,320,207,61549.png,2922,1435
L,2050,698,267,271,61550.png,2945,1435
R,657,712,229,271,61550.png,2945,1435
L,2079,740,232,287,61563.png,2932,1435
R,620,709,239,239,61563.png,2932,1435
L,1946,768,227,230,61565.png,2957,1435
R,841,754,195,248,61565.png,2957,1435
L,1966,751,244,254,61566.png,2955,1435
R,698,758,247,206,61566.png,2955,1435
R,684,803,251,181,61570.png,2956,1435
L,2048,768,258,261,61583.png,2953,1435
R,655,754,268,275,61583.png,2953,1435
R,685,767,217,286,61585.png,2918,1435
R,705,754,230,234,61588.png,2956,1435
L,2034,740,287,235,61590.png,2928,1435
R,543,733,328,204,61590.png,2928,1435
L,2071,810,250,219,61593.png,2950,1435
R,662,824,278,219,61593.png,2950,1435
L,2050,747,275,205,61617.png,2950,1435
R,592,764,285,212,61617.png,2950,1435
L,2002,770,276,187,61620.png,2886,1435
R,617,774,276,204,61620.png,2886,1435
R,753,726,209,296,61638.png,2954,1435
L,1994,787,218,249,61646.png,2895,1435
R,711,740,225,273,61646.png,2895,1435
L,2040,681,282,306,61653.png,2951,1435
R,638,677,285,306,61653.png,2951,1435
L,1989,802,275,240,61659.png,2912,1435
R,718,829,237,240,61659.png,2912,1435
R,673,795,211,246,61672.png,2938,1435
L,2035,775,218,242,61678.png,2934,1435
R,717,816,273,242,61678.png,2934,1435
R,580,750,310,193,61683.png,2922,1435
L,2033,681,254,268,61686.png,2951,1435
R,749,664,188,271,61686.png,2951,1435
L,2018,838,254,209,61690.png,2955,1435
R,621,824,282,216,61690.png,2955,1435
R,710,684,264,264,61698.png,2947,1435
R,728,768,233,254,61700.png,2951,1435
R,749,813,209,247,61787.png,2952,1435
L,2008,750,240,281,61793.png,2945,1435
R,695,730,236,281,61793.png,2945,1435
L,2086,709,238,252,61801.png,2928,1435
L,1986,830,226,243,61803.png,2948,1435
R,682,799,278,222,61803.png,2948,1435
R,668,854,238,190,61804.png,2930,1435
L,2046,851,207,249,61804.png,2930,1435
L,1956,803,309,208,61805.png,2945,1435
R,672,744,247,289,61806.png,2949,1435
L,2087,796,278,247,61806.png,2949,1435
L,2034,702,245,272,61807.png,2923,1435
R,697,716,231,245,61807.png,2923,1435
L,2025,864,193,224,61817.png,2920,1435
R,665,874,244,196,61817.png,2920,1435
R,741,876,247,250,61818.png,2946,1435
L,1992,754,231,259,61832.png,2926,1435
R,677,768,255,262,61832.png,2926,1435
L,2068,785,232,260,61836.png,2942,1435
R,656,792,246,274,61836.png,2942,1435
R,666,841,222,267,61845.png,2939,1435
L,2035,844,211,256,61845.png,2939,1435
L,2029,803,188,264,61846.png,2945,1435
R,775,771,205,271,61846.png,2945,1435
L,2078,768,286,206,61867.png,2955,1435
R,614,796,296,209,61867.png,2955,1435
L,2050,730,275,202,61873.png,2956,1435
L,2064,785,244,275,61875.png,2955,1435
R,576,768,314,279,61875.png,2955,1435
L,2014,698,254,309,61879.png,2948,1435
R,675,688,278,302,61879.png,2948,1435
L,2125,796,267,264,61880.png,2943,1435
R,542,782,264,288,61880.png,2943,1435
L,2003,684,258,251,61885.png,2953,1435
R,749,615,226,251,61885.png,2953,1435
L,2020,726,188,264,61886.png,2947,1435
R,717,768,233,209,61886.png,2947,1435
L,2079,803,272,237,61887.png,2957,1435
R,566,810,307,199,61887.png,2957,1435
L,1989,817,264,215,61898.png,2947,1435
R,776,764,243,278,61898.png,2947,1435
L,2091,882,215,288,61900.png,2944,1435
R,626,886,219,271,61900.png,2944,1435
L,1983,768,269,300,61908.png,2928,1435
L,1966,794,242,228,61912.png,2888,1435
R,695,801,232,225,61912.png,2888,1435
L,2001,702,216,257,61918.png,2950,1435
R,752,712,198,278,61918.png,2950,1435
L,2042,733,286,230,61922.png,2954,1435
R,600,712,247,251,61922.png,2954,1435
L,2025,685,194,263,61923.png,2939,1435
R,673,685,281,187,61923.png,2939,1435
L,2067,712,261,282,61926.png,2955,1435
R,617,670,303,265,61926.png,2955,1435
L,2007,792,223,247,61929.png,2953,1435
R,722,775,237,240,61929.png,2953,1435
L,1933,698,268,236,61931.png,2947,1435
R,630,702,250,209,61931.png,2947,1435
R,714,716,257,240,61932.png,2910,1435
L,2025,809,208,232,61944.png,2939,1435
R,687,782,201,229,61944.png,2939,1435
L,2106,768,261,195,61948.png,2951,1435
R,571,747,292,195,61948.png,2951,1435
L,1983,719,283,255,61949.png,2923,1435
R,707,806,322,239,61953.png,2936,1435
L,1977,795,296,262,61968.png,2920,1435
R,655,774,272,282,61968.png,2920,1435
L,2019,719,261,257,61977.png,2946,1435
R,664,733,243,240,61977.png,2946,1435
R,720,712,257,181,61987.png,2948,1435
L,2008,764,243,257,61989.png,2945,1435
R,733,740,184,236,61989.png,2945,1435
L,1941,757,251,248,61995.png,2918,1435
R,734,743,224,241,61995.png,2918,1435
L,2048,768,260,257,61996.png,2942,1435
R,660,747,229,239,61996.png,2942,1435
R,673,712,234,251,62001.png,2956,1435
L,2027,754,200,241,62004.png,2923,1435
R,705,712,230,261,62007.png,2956,1435
L,2060,750,264,177,62012.png,2945,1435
R,713,678,191,257,62012.png,2945,1435
R,695,768,222,254,62013.png,2945,1435
L,1991,796,247,271,62013.png,2945,1435
L,1981,740,262,293,62046.png,2957,1435
R,695,719,289,262,62046.png,2957,1435
L,1990,737,289,240,62049.png,2949,1435
R,682,702,250,257,62049.png,2949,1435
L,1951,785,244,247,62057.png,2953,1435
R,756,765,216,265,62057.png,2953,1435
L,2009,803,229,250,62058.png,2947,1435
R,758,782,215,264,62058.png,2947,1435
